{"id": 84, "pred": "Medium", "label": "Medium", "desc": "This node has direct edges to 38 out of the 130 other nodes in the network, consistent with a degree centrality of 0.2923 (degree centrality \u00d7 130 = 0.2923 \u00d7 130 \u2248 38). Its closeness centrality of 0.5628 corresponds to a mean shortest-path distance of approximately 1.77 hops to reach any other node in the graph (1 / closeness = 1 / 0.5628 \u2248 1.77). The betweenness centrality of 0.0236 indicates that this node lies on about 2.36% of all shortest paths between pairs of nodes (betweenness centrality \u00d7 100 \u2248 2.36%). The clustering coefficient of 0.4206 suggests that approximately 42.1% of the node's 38 neighbors share a direct edge with one another, creating a moderately dense local neighborhood. The square clustering coefficient of 0.2625 reflects that about 26.25% of potential four-node cycles among the node's neighbors are closed, indicating the level of connectivity through paths of length two, in addition to direct connections.", "question": "\nQuestion: What is the activity level of this airport? Choose one of: Low, Medium, High, or Very High.\n\nAnswer:"}
{"id": 65, "pred": "High", "label": "Medium", "desc": "This node has direct edges to 19 out of the 130 other nodes in the network (degree centrality 0.1462 \u00d7 130 \u2248 19). Its closeness centrality of 0.5200 corresponds to a mean shortest-path distance of 1 / 0.5200 \u2248 1.92 hops to reach any other node in the graph. The betweenness centrality of 0.0018 indicates that this node lies on approximately 0.18% of all shortest paths between every other pair of nodes. The clustering coefficient of 0.7426 shows that about 74.3% of the node's 19 neighbors share a direct edge with one another, indicating a highly connected local neighborhood. The square clustering coefficient of 0.3519 reflects that 35.2% of potential four-node cycles (squares) formed among the node's neighbors are closed, demonstrating a significant prevalence of two-hop connections alongside direct edges among its immediate connections.", "question": "\nQuestion: What is the activity level of this airport? Choose one of: Low, Medium, High, or Very High.\n\nAnswer:"}
{"id": 33, "pred": "High", "label": "Medium", "desc": "This node has direct edges to 9 out of the 130 other nodes in the network (degree centrality 0.0692 \u00d7 130 = 9). Its closeness centrality of 0.4498 corresponds to a mean shortest-path distance of approximately 2.22 hops to reach any other node in the graph (1 / 0.4498 \u2248 2.22). The betweenness centrality of 0.0005 means this node lies on approximately 0.05% of all shortest paths between every other pair of nodes in the graph. The clustering coefficient of 0.6389 indicates that around 63.9% of the node's 9 neighbors share a direct edge among each other, suggesting a relatively dense local neighbourhood. The square clustering coefficient of 0.2557 shows that about 25.6% of potential four-node cycles are closed among the node's neighbors, indicating the level of connectivity between neighbors through paths of length two, in addition to direct edges.", "question": "\nQuestion: What is the activity level of this airport? Choose one of: Low, Medium, High, or Very High.\n\nAnswer:"}
{"id": 64, "pred": "Very High", "label": "Low", "desc": "This node has direct edges to 17 out of the 130 other nodes in the network (degree centrality 0.1308 \u00d7 130 \u2248 17). Its closeness centrality of 0.4833 corresponds to a mean shortest-path distance of 1 / 0.4833 \u2248 2.07 hops to reach any other node in the graph. The betweenness centrality of 0.0004 indicates that this node lies on approximately 0.04% of all shortest paths between every other pair of nodes. The clustering coefficient of 0.8286 signals that about 82.9% of the node's 17 neighbors share a direct edge with one another, indicating a highly interconnected local neighborhood. The square clustering coefficient of 0.4200 conveys that 42.0% of potential four-node cycles (squares) are closed among the node's neighbors, reflecting substantial connectivity through two-length paths as well as direct edges.", "question": "\nQuestion: What is the activity level of this airport? Choose one of: Low, Medium, High, or Very High.\n\nAnswer:"}
{"id": 30, "pred": "High", "label": "Low", "desc": "This node has direct edges to 33 out of the 130 other nodes in the network, confirmed by its degree centrality of 0.2538 (where 0.2538 \u00d7 130 \u2248 33). The closeness centrality of 0.5263 translates to a mean shortest-path distance of approximately 1.9 hops to reach any other node in the graph (1 / 0.5263 \u2248 1.9). The betweenness centrality of 0.0050 indicates that this node lies on about 0.50% of all shortest paths between every other pair of nodes in the network. The clustering coefficient of 0.6387 reveals that approximately 63.87% of the node's 33 neighbors are connected to each other, indicating a relatively dense local neighborhood. The square clustering coefficient of 0.3574 suggests that 35.74% of potential four-node cycles (squares) are closed among the node's neighbors, demonstrating a significant level of connectivity among the node's immediate network at two degrees of separation.", "question": "\nQuestion: What is the activity level of this airport? Choose one of: Low, Medium, High, or Very High.\n\nAnswer:"}
{"id": 56, "pred": "Very High", "label": "High", "desc": "This node has direct edges to 8 out of the 130 other nodes in the network (degree centrality 0.0615 \u00d7 130 \u2248 8). Its closeness centrality of 0.4833 corresponds to a mean shortest-path distance of 1 / 0.4833 \u2248 2.07 hops to reach any other node in the graph. The betweenness centrality of 0.0000 indicates that this node does not lie on any shortest paths between other pairs of nodes, resulting in 0% of all possible shortest paths. The clustering coefficient of 0.8929 signifies that approximately 89.29% of the node's 8 neighbors share a direct edge with one another, indicating a high density of connections among its immediate local neighborhood. The square clustering coefficient of 0.3579 shows that about 35.79% of potential four-node cycles (squares) involving the node's neighbors are closed, highlighting the extent of connections through paths of length two among the node's neighbors.", "question": "\nQuestion: What is the activity level of this airport? Choose one of: Low, Medium, High, or Very High.\n\nAnswer:"}
{"id": 80, "pred": "Very High", "label": "Medium", "desc": "This node has direct edges to 12 out of the 130 other nodes in the network (degree centrality 0.0923 \u00d7 130 \u2248 12). Its closeness centrality of 0.4483 corresponds to a mean shortest-path distance of 1 / 0.4483 \u2248 2.23 hops to reach any other node in the graph. The betweenness centrality of 0.0014 indicates that this node lies on approximately 0.14% of all shortest paths between every other pair of nodes. The clustering coefficient of 0.7556 means that about 75.6% of the node's 12 neighbors share a direct edge with one another, indicating a highly interconnected local neighborhood. The square clustering coefficient of 0.4013 shows that 40.1% of potential four-node cycles (squares) are closed among the node's neighbors, reflecting the connectivity of neighbors through both direct edges and paths of length two.", "question": "\nQuestion: What is the activity level of this airport? Choose one of: Low, Medium, High, or Very High.\n\nAnswer:"}
{"id": 118, "pred": "Very High", "label": "Very High", "desc": "This node has direct edges to 1 out of the 130 other nodes in the network (degree centrality 0.0077 \u00d7 130 \u2248 1). Its closeness centrality of 0.3562 corresponds to a mean shortest-path distance of 1 / 0.3562 \u2248 2.81 hops to reach any other node in the graph. The betweenness centrality of 0.0000 indicates that this node does not lie on any shortest paths between any pairs of nodes. The clustering coefficient of 0.0000 implies that none of the node's 1 neighbor shares a direct edge with one another, indicating an absence of a local cluster. The square clustering coefficient of 0.0000 shows that there are no four-node cycles closed among the node's neighbors, reflecting that neighbour connections do not extend beyond direct edges and do not form paths of length two between themselves.", "question": "\nQuestion: What is the activity level of this airport? Choose one of: Low, Medium, High, or Very High.\n\nAnswer:"}
{"id": 31, "pred": "High", "label": "Low", "desc": "This node has direct edges to 30 out of the 130 other nodes in the network (degree centrality 0.2308 \u00d7 130 \u2248 30). Its closeness centrality of 0.5462 corresponds to a mean shortest-path distance of 1 / 0.5462 \u2248 1.83 hops to reach any other node in the graph. The betweenness centrality of 0.0022 means this node lies on approximately 0.22% of all shortest paths between every other pair of nodes. The clustering coefficient of 0.7116 indicates that about 71.16% of the node's 30 neighbors share a direct edge with one another, resulting in a densely interconnected local neighborhood. The square clustering coefficient of 0.3707 signifies that 37.07% of the potential four-node cycles (squares) that could be formed among the node's neighbors are closed, demonstrating the extent to which its neighbors are interconnected through paths of length two as well as direct edges.", "question": "\nQuestion: What is the activity level of this airport? Choose one of: Low, Medium, High, or Very High.\n\nAnswer:"}
{"id": 51, "pred": "Low", "label": "Low", "desc": "This node has direct edges to 55 out of the 130 other nodes in the network (degree centrality 0.4231 \u00d7 130 \u2248 55). Its closeness centrality of 0.6280 corresponds to a mean shortest-path distance of 1 / 0.6280 \u2248 1.59 hops to reach any other node in the graph. The betweenness centrality of 0.0259 indicates that this node lies on approximately 2.59% of all shortest paths between every other pair of nodes. The clustering coefficient of 0.4238 suggests that about 42.4% of the node's 55 neighbors share direct edges with one another, indicating a moderately dense local neighbourhood. The square clustering coefficient of 0.2879 shows that approximately 28.8% of potential four-node cycles (squares) among the node's neighbors are closed, reflecting the level of connectivity between neighbors through paths of length two and direct edges.", "question": "\nQuestion: What is the activity level of this airport? Choose one of: Low, Medium, High, or Very High.\n\nAnswer:"}
{"id": 4, "pred": "Low", "label": "Low", "desc": "This node has direct edges to 48 out of the 130 other nodes in the network (degree centrality 0.3692 \u00d7 130 \u2248 48). Its closeness centrality of 0.6075 corresponds to a mean shortest-path distance of 1 / 0.6075 \u2248 1.645 hops to reach any other node in the graph. The betweenness centrality of 0.0242 indicates that this node is part of approximately 2.42% of all shortest paths between every other pair of nodes. The clustering coefficient of 0.4647 signifies that about 46.5% of the node's 48 neighbors share a direct edge with one another, indicating a moderately dense local neighborhood. The square clustering coefficient of 0.2908 reflects that 29.1% of potential four-node cycles (squares) are completed among the node's neighbors, capturing the connectivity among neighbors through both direct edges and paths of length two.", "question": "\nQuestion: What is the activity level of this airport? Choose one of: Low, Medium, High, or Very High.\n\nAnswer:"}
{"id": 81, "pred": "Very High", "label": "High", "desc": "This node has direct edges to 5 out of the 130 other nodes in the network (degree centrality 0.0385 \u00d7 130 \u2248 5). Its closeness centrality of 0.4377 corresponds to a mean shortest-path distance of 1 / 0.4377 \u2248 2.28 hops to reach any other node in the graph. The betweenness centrality of 0.0002 indicates that this node lies on approximately 0.02% of all shortest paths between every other pair of nodes. The clustering coefficient of 0.7000 signifies that about 70% of the node's 5 neighbors share a direct edge with one another, indicating a densely interconnected local network. The square clustering coefficient of 0.1869 means that 18.69% of potential four-node cycles (squares) that could be formed among the node's neighbors are closed, reflecting the degree to which connections exist among the node's neighbors beyond direct edges.", "question": "\nQuestion: What is the activity level of this airport? Choose one of: Low, Medium, High, or Very High.\n\nAnswer:"}
{"id": 70, "pred": "High", "label": "Medium", "desc": "This node has direct edges to 14 out of the 130 other nodes in the network (degree centrality 0.1077 \u00d7 130 = 14). Its closeness centrality of 0.4710 corresponds to a mean shortest-path distance of 1 / 0.4710 \u2248 2.12 hops to reach any other node in the graph. The betweenness centrality of 0.0018 indicates that this node lies on approximately 0.18% of all shortest paths between every other pair of nodes. The clustering coefficient of 0.6818 suggests that about 68.18% of the node's 14 neighbors are connected to each other, forming a relatively cohesive local neighborhood. The square clustering coefficient of 0.3026 means that 30.26% of the theoretical four-node cycles (squares) that could be formed among the node's neighbors are actually closed, reflecting some connectivity among neighbors through paths of length two as well as direct edges.", "question": "\nQuestion: What is the activity level of this airport? Choose one of: Low, Medium, High, or Very High.\n\nAnswer:"}
{"id": 69, "pred": "High", "label": "Low", "desc": "This node has direct edges to 25 out of the 130 other nodes in the network (degree centrality 0.1923 \u00d7 130 \u2248 25). Its closeness centrality of 0.5179 corresponds to a mean shortest-path distance of 1 / 0.5179 \u2248 1.93 hops to reach any other node in the graph. The betweenness centrality of 0.0041 indicates that this node lies on approximately 0.41% of all shortest paths between every other pair of nodes. The clustering coefficient of 0.7352 signifies that about 73.52% of the node's 25 neighbors share a direct edge with one another, indicating a relatively high density in its local neighborhood. The square clustering coefficient of 0.3796 reflects that 37.96% of the potential four-node cycles (squares) are closed among the node's neighbors, illustrating the interconnectivity of neighbors through paths of length two in addition to direct connections.", "question": "\nQuestion: What is the activity level of this airport? Choose one of: Low, Medium, High, or Very High.\n\nAnswer:"}
{"id": 67, "pred": "High", "label": "Very High", "desc": "This node has direct edges to 28 out of the 130 other nodes in the network (degree centrality 0.2154 \u00d7 130 \u2248 28). Its closeness centrality of 0.5242 corresponds to a mean shortest-path distance of about 1.91 hops to reach any other node in the graph (1 / 0.5242 \u2248 1.91). The betweenness centrality of 0.0020 indicates that this node lies on approximately 0.20% of all shortest paths between every other pair of nodes in the network. The clustering coefficient of 0.6985 indicates that about 69.85% of the node's 28 neighbors share a direct edge with one another, forming a densely connected local neighborhood. The square clustering coefficient of 0.3802 reflects that 38.02% of potential four-node cycles (squares) are closed among this node's neighbors, indicating the extent to which those neighbors are interconnected through both direct edges and indirect paths of length two.", "question": "\nQuestion: What is the activity level of this airport? Choose one of: Low, Medium, High, or Very High.\n\nAnswer:"}
{"id": 115, "pred": "Very High", "label": "Very High", "desc": "This node has direct edges to 1 out of the 130 other nodes in the network (degree centrality 0.0077 \u00d7 130 \u2248 1). Its closeness centrality of 0.3562 corresponds to a mean shortest-path distance of 1 / 0.3562 \u2248 2.80 hops to reach any other node in the graph. The betweenness centrality of 0.0000 indicates that this node lies on 0% of all shortest paths between every other pair of nodes, meaning it does not act as a bridge in the network. The clustering coefficient of 0.0000 shows that none of the node's single neighbor shares an edge with each other, reflecting a lack of interconnectedness among its local neighborhood. Similarly, the square clustering coefficient of 0.0000 means there are no closed four-node cycles among the node's neighbors, indicating that its connections do not extend into larger cycle structures.", "question": "\nQuestion: What is the activity level of this airport? Choose one of: Low, Medium, High, or Very High.\n\nAnswer:"}
{"id": 15, "pred": "High", "label": "Low", "desc": "This node has direct edges to 36 out of the 130 other nodes in the network (degree centrality 0.2769 \u00d7 130 \u2248 36). Its closeness centrality of 0.5394 corresponds to a mean shortest-path distance of 1 / 0.5394 \u2248 1.85 hops to reach any other node in the graph. The betweenness centrality of 0.0038 indicates that this node lies on approximately 0.38% of all shortest paths between every other pair of nodes. The clustering coefficient of 0.6310 signifies that about 63.1% of the node's 36 neighbors share a direct edge with one another, resulting in a well-connected local neighbourhood. The square clustering coefficient of 0.3519 reveals that approximately 35.2% of potential four-node cycles (squares) are closed among the node's neighbors, indicating a moderate level of connectivity through paths of length two in addition to direct edges.", "question": "\nQuestion: What is the activity level of this airport? Choose one of: Low, Medium, High, or Very High.\n\nAnswer:"}
{"id": 127, "pred": "High", "label": "Medium", "desc": "This node has direct edges to 8 out of the 130 other nodes in the network (degree centrality 0.0615 \u00d7 130 \u2248 8). Its closeness centrality of 0.3824 indicates an average shortest-path distance of approximately 2.61 hops (1 / 0.3824 \u2248 2.61) to reach any other node within the graph. The betweenness centrality of 0.0003 implies that this node is part of about 0.03% of all shortest paths between any pairs of nodes in the network. The clustering coefficient of 0.6667 shows that roughly 66.67% of the node's 8 neighbors are mutually connected, demonstrating a significant degree of local interconnectedness. The square clustering coefficient of 0.2100 indicates that approximately 21.00% of potential four-node cycles (squares) among the neighbors are closed, reflecting the presence of connections that reinforce inter-neighbor relations through paths of length two.", "question": "\nQuestion: What is the activity level of this airport? Choose one of: Low, Medium, High, or Very High.\n\nAnswer:"}
{"id": 62, "pred": "Very High", "label": "High", "desc": "This node has direct edges to 4 out of the 130 other nodes in the network (degree centrality 0.0308 \u00d7 130 \u2248 4). Its closeness centrality of 0.4348 corresponds to a mean shortest-path distance of 1 / 0.4348 \u2248 2.30 hops to reach any other node in the graph. The betweenness centrality of 0.0000 indicates that this node does not lie on any of the shortest paths between every other pair of nodes, contributing 0% to the overall network in this measure. The clustering coefficient of 1.0000 means that all 4 of the node's neighbors are mutually connected, implying a fully connected local neighborhood. The square clustering coefficient of 0.5000 indicates that 50% of the potential four-node cycles (squares) among the node's neighbors are closed, reflecting that half of the possible paths of length two between the neighbors are actually present.", "question": "\nQuestion: What is the activity level of this airport? Choose one of: Low, Medium, High, or Very High.\n\nAnswer:"}
{"id": 24, "pred": "Low", "label": "Low", "desc": "This node has direct edges to 41 out of the 130 other nodes in the network (degree centrality 0.3154 \u00d7 130 \u2248 41). Its closeness centrality of 0.5778 corresponds to a mean shortest-path distance of 1 / 0.5778 \u2248 1.73 hops to reach any other node in the graph. The betweenness centrality of 0.0537 indicates that this node lies on approximately 5.37% of all shortest paths between every other pair of nodes. The clustering coefficient of 0.4359 means that about 43.59% of the node's 41 neighbors share a direct edge with one another, indicating a moderately connected local neighborhood. The square clustering coefficient of 0.2627 measures the fraction of potential four-node cycles (squares) among the node's neighbors; here, approximately 26.27% of such cycles exist, reflecting the level of connectivity through paths of length two as well as direct edges among its neighbors.", "question": "\nQuestion: What is the activity level of this airport? Choose one of: Low, Medium, High, or Very High.\n\nAnswer:"}
{"id": 25, "pred": "High", "label": "Low", "desc": "This node has direct edges to 81 out of the 130 other nodes in the network (degree centrality 0.6231 \u00d7 130 \u2248 81). Its closeness centrality of 0.7182 corresponds to a mean shortest-path distance of 1 / 0.7182 \u2248 1.39 hops to reach any other node in the graph. The betweenness centrality of 0.1681 means this node lies on approximately 16.81% of all shortest paths between every other pair of nodes. The clustering coefficient of 0.2337 indicates that about 23.37% of the node's 81 neighbors share a direct edge with one another, demonstrating a level of local interconnectedness. The square clustering coefficient of 0.2071 measures the fraction of potential four-node cycles (squares) that are closed among the node's neighbors; here, 20.71% of such cycles are present, reflecting a moderate connection among neighbors through paths of length two in addition to direct edges.", "question": "\nQuestion: What is the activity level of this airport? Choose one of: Low, Medium, High, or Very High.\n\nAnswer:"}
{"id": 100, "pred": "Very High", "label": "High", "desc": "This node has direct edges to 1 out of the 130 other nodes in the network (degree centrality 0.0077 \u00d7 130 \u2248 1). Its closeness centrality of 0.4194 corresponds to a mean shortest-path distance of 1 / 0.4194 \u2248 2.39 hops to reach any other node in the graph. The betweenness centrality of 0.0000 indicates this node does not lie on any shortest paths between any pairs of nodes, representing 0% of such paths in the network. The clustering coefficient of 0.0000 means that none of this node's direct neighbors, of which there is 1, share a direct edge with one another. The square clustering coefficient of 0.0000 signifies that there are no closed cycles among potential triples of the node's neighbors; thus, 0% of potential cycles among its neighbors are present, indicating a lack of connectivity beyond direct neighbors.", "question": "\nQuestion: What is the activity level of this airport? Choose one of: Low, Medium, High, or Very High.\n\nAnswer:"}
{"id": 26, "pred": "High", "label": "Medium", "desc": "This node has direct edges to 7 out of the 130 other nodes in the network (degree centrality 0.0538 \u00d7 130 \u2248 7). Its closeness centrality of 0.4305 corresponds to a mean shortest-path distance of 1 / 0.4305 \u2248 2.32 hops to reach any other node in the graph. The betweenness centrality of 0.0001 indicates that this node is on approximately 0.01% of all shortest paths between every other pair of nodes in the network. The clustering coefficient of 0.7000 suggests that about 70% of the node's 7 neighbors are mutually connected, indicating a relatively cohesive local neighborhood. The square clustering coefficient of 0.2568 reflects that 25.68% of potential four-node cycles (squares) among the node's neighbors are closed, demonstrating that there are connections within the two-step paths among neighbors, in addition to direct edges.", "question": "\nQuestion: What is the activity level of this airport? Choose one of: Low, Medium, High, or Very High.\n\nAnswer:"}
{"id": 36, "pred": "Low", "label": "Low", "desc": "This node has direct edges to 37 out of the 130 other nodes in the network (degree centrality 0.2846 \u00d7 130 \u2248 37). Its closeness centrality of 0.5652 corresponds to a mean shortest-path distance of 1 / 0.5652 \u2248 1.77 hops to reach any other node in the graph. The betweenness centrality of 0.0288 indicates this node lies on approximately 2.88% of all shortest paths between every other pair of nodes. The clustering coefficient of 0.4924 means that about 49.2% of the node's 37 neighbors share direct connections with one another, indicating a moderately dense local neighborhood. The square clustering coefficient of 0.2751 signifies that approximately 27.5% of all potential four-node cycles among the node's neighbors are closed, reflecting the connectivity among neighbors through paths of length two alongside direct edges.", "question": "\nQuestion: What is the activity level of this airport? Choose one of: Low, Medium, High, or Very High.\n\nAnswer:"}
{"id": 12, "pred": "Very High", "label": "Very High", "desc": "This node has direct edges to 1 out of the 130 other nodes in the network (degree centrality 0.0077 \u00d7 130 \u2248 1). Its closeness centrality of 0.3904 corresponds to a mean shortest-path distance of 1 / 0.3904 \u2248 2.56 hops to reach any other node in the graph. The betweenness centrality of 0.0000 indicates that this node lies on 0% of all shortest paths between every other pair of nodes, implying it does not serve as a connector in the network. The clustering coefficient of 0.0000 suggests that none of the node's neighbors, of which there is 1, share a direct edge with one another, indicating no local connections among adjacent nodes. The square clustering coefficient of 0.0000 reinforces this, showing that there are 0% of potential four-node cycles (squares) closed among the node's neighbors. This reflects a lack of interconnectivity among neighbors at two degrees of separation.", "question": "\nQuestion: What is the activity level of this airport? Choose one of: Low, Medium, High, or Very High.\n\nAnswer:"}
{"id": 89, "pred": "High", "label": "High", "desc": "This node has direct edges to 9 out of the 130 other nodes in the network (degree centrality 0.0692 \u00d7 130 \u2248 9). Its closeness centrality of 0.3812 corresponds to a mean shortest-path distance of 1 / 0.3812 \u2248 2.62 hops to reach any other node in the graph. The betweenness centrality of 0.0004 indicates that this node lies on approximately 0.04% of all shortest paths between every other pair of nodes. The clustering coefficient of 0.5238 implies that about 52.4% of the node's 9 neighbors are mutually connected by direct edges, suggesting a moderately cohesive local neighborhood. The square clustering coefficient of 0.1412 demonstrates that 14.1% of the potential four-node cycles (squares) that could include the node's neighbors are actually closed, reflecting the extent of indirect connections among those neighbors.", "question": "\nQuestion: What is the activity level of this airport? Choose one of: Low, Medium, High, or Very High.\n\nAnswer:"}
{"id": 45, "pred": "Low", "label": "Medium", "desc": "This node has direct edges to 39 out of the 130 other nodes in the network, confirmed by its degree centrality of 0.3000 (0.3000 \u00d7 130 = 39). Its closeness centrality of 0.5508 corresponds to a mean shortest-path distance of approximately 1.81 hops to reach any other node in the graph (1 / 0.5508 \u2248 1.81). The betweenness centrality of 0.0647 indicates that this node lies on about 6.47% of all shortest paths between every other pair of nodes in the network. The clustering coefficient at 0.3514 implies that approximately 35.14% of the node's 39 neighbors are mutually connected, evidencing a moderately dense local neighborhood. Lastly, the square clustering coefficient of 0.2301 indicates that 23.01% of potential four-node cycles (squares) among the node's neighbors are completed, reflecting the extent of connectivity through paths of length two in addition to direct edges.", "question": "\nQuestion: What is the activity level of this airport? Choose one of: Low, Medium, High, or Very High.\n\nAnswer:"}
